{
  "best_config_per_T": {
    "15": "scout_a095_baseline"
  },
  "experiment": "24_retention_analysis",
  "metrics": {
    "15": {
      "scout_a095_baseline": {
        "config": "scout_a095_baseline",
        "final_acc_per_task_mean": [
          0.8046666666666668,
          0.8664000000000001,
          0.8763666666666667,
          0.8089666666666666,
          0.7676999999999999,
          0.6961,
          0.6978666666666666,
          0.7653666666666666,
          0.7599333333333332,
          0.7990666666666667,
          0.8263666666666666,
          0.8717666666666667,
          0.8787333333333334,
          0.8889,
          0.9063333333333334
        ],
        "final_acc_per_task_std": [
          0.01743138931162207,
          0.009968450230602563,
          0.003955165398985666,
          0.006882102391953572,
          0.03300469663547903,
          0.04035950941228098,
          0.014204694059828712,
          0.012097244865395285,
          0.01833475752044006,
          0.0048500859098920095,
          0.02053322510793986,
          0.0041621308645131815,
          0.0042099089459670625,
          0.008001874780324948,
          0.0004163331998932429
        ],
        "integrated_retention": 0.8143022222222224,
        "integrated_retention_std": 0.0028070572438711854,
        "n_seeds": 3,
        "new_half_retention": 0.8370583333333332,
        "new_half_retention_std": 0.0015744708105688236,
        "num_tasks": 15,
        "old_half_retention": 0.788295238095238,
        "old_half_retention_std": 0.004444357425451966,
        "plasticity_stability_ratio": 1.0618752249812609,
        "plasticity_stability_ratio_std": 0.0044780038610706275,
        "task0_final_acc": 0.8046666666666668,
        "task0_final_acc_per_seed": [
          0.8118,
          0.7848,
          0.8174
        ],
        "task0_final_acc_std": 0.01743138931162207,
        "task_last_final_acc": 0.9063333333333334,
        "task_last_final_acc_std": 0.0004163331998932429,
        "task_mid_final_acc": 0.7653666666666666,
        "task_mid_final_acc_std": 0.012097244865395285
      },
      "v2_aggressive": {
        "config": "v2_aggressive",
        "final_acc_per_task_mean": [
          0.7961333333333335,
          0.8499333333333334,
          0.8662333333333333,
          0.7821666666666668,
          0.7498999999999999,
          0.6751,
          0.6755,
          0.7452333333333333,
          0.7532666666666668,
          0.7806000000000001,
          0.7978000000000001,
          0.8529,
          0.8613666666666666,
          0.8612333333333333,
          0.8860333333333333
        ],
        "final_acc_per_task_std": [
          0.024201101903288055,
          0.00740697869129736,
          0.008000208330620753,
          0.007030173065674369,
          0.03710040431046539,
          0.023386106986841564,
          0.02117947119264312,
          0.03125401307565689,
          0.004407191093353375,
          0.009506313691436874,
          0.017862810529141286,
          0.013218169313486692,
          0.002554081700598734,
          0.018961100530647864,
          0.005848361593928083
        ],
        "integrated_retention": 0.79556,
        "integrated_retention_std": 0.004553465103022546,
        "n_seeds": 3,
        "new_half_retention": 0.8173041666666666,
        "new_half_retention_std": 0.007493896822303703,
        "num_tasks": 15,
        "old_half_retention": 0.7707095238095238,
        "old_half_retention_std": 0.002760299204919676,
        "plasticity_stability_ratio": 1.060458936490279,
        "plasticity_stability_ratio_std": 0.009319038937108387,
        "task0_final_acc": 0.7961333333333335,
        "task0_final_acc_per_seed": [
          0.8012,
          0.7698,
          0.8174
        ],
        "task0_final_acc_std": 0.024201101903288055,
        "task_last_final_acc": 0.8860333333333333,
        "task_last_final_acc_std": 0.005848361593928083,
        "task_mid_final_acc": 0.7452333333333333,
        "task_mid_final_acc_std": 0.03125401307565689
      },
      "v2_mild": {
        "config": "v2_mild",
        "final_acc_per_task_mean": [
          0.8043999999999999,
          0.8631333333333334,
          0.8763,
          0.8034333333333333,
          0.7685666666666666,
          0.6933666666666666,
          0.6956666666666665,
          0.7643999999999999,
          0.7654000000000001,
          0.7973666666666667,
          0.8215,
          0.8701,
          0.8759666666666667,
          0.8831333333333333,
          0.9031666666666668
        ],
        "final_acc_per_task_std": [
          0.01920650931325106,
          0.009239769116884554,
          0.0040000000000000036,
          0.009265167744478947,
          0.03479573728681907,
          0.03745882183589511,
          0.019116833768522835,
          0.02119929244102266,
          0.009109884741312585,
          0.005657148869645638,
          0.022578086721420854,
          0.0055999999999999705,
          0.002773685875028616,
          0.011006513223238937,
          0.0015307950004273577
        ],
        "integrated_retention": 0.8123933333333332,
        "integrated_retention_std": 0.0031686029168143635,
        "n_seeds": 3,
        "new_half_retention": 0.8351291666666668,
        "new_half_retention_std": 0.0035976192938293535,
        "num_tasks": 15,
        "old_half_retention": 0.7864095238095238,
        "old_half_retention_std": 0.00349951405761656,
        "plasticity_stability_ratio": 1.0619580397807404,
        "plasticity_stability_ratio_std": 0.004228902622210722,
        "task0_final_acc": 0.8043999999999999,
        "task0_final_acc_per_seed": [
          0.8097,
          0.7831,
          0.8204
        ],
        "task0_final_acc_std": 0.01920650931325106,
        "task_last_final_acc": 0.9031666666666668,
        "task_last_final_acc_std": 0.0015307950004273577,
        "task_mid_final_acc": 0.7643999999999999,
        "task_mid_final_acc_std": 0.02119929244102266
      },
      "v2_moderate": {
        "config": "v2_moderate",
        "final_acc_per_task_mean": [
          0.7974333333333333,
          0.8542,
          0.8689333333333332,
          0.7944,
          0.757,
          0.6733666666666668,
          0.6751999999999999,
          0.7523333333333334,
          0.7568666666666667,
          0.7854,
          0.8052000000000001,
          0.8579666666666667,
          0.8638333333333333,
          0.8687666666666667,
          0.8929333333333332
        ],
        "final_acc_per_task_std": [
          0.022465603337843646,
          0.010908253755757585,
          0.008008953323208539,
          0.005678908345800235,
          0.03897396566940551,
          0.021046931684531412,
          0.01734935157289749,
          0.02280555487887398,
          0.006504101270224302,
          0.006907242575731677,
          0.008940357934669062,
          0.0075182001392177285,
          0.0022854612955229303,
          0.01403792482289793,
          0.006035174672976209
        ],
        "integrated_retention": 0.8002555555555556,
        "integrated_retention_std": 0.0009973371954766956,
        "n_seeds": 3,
        "new_half_retention": 0.8229125,
        "new_half_retention_std": 0.0013501735999492982,
        "num_tasks": 15,
        "old_half_retention": 0.7743619047619047,
        "old_half_retention_std": 0.003219213154380036,
        "plasticity_stability_ratio": 1.0627137335882368,
        "plasticity_stability_ratio_std": 0.005922153319347536,
        "task0_final_acc": 0.7974333333333333,
        "task0_final_acc_per_seed": [
          0.8068,
          0.7718,
          0.8137
        ],
        "task0_final_acc_std": 0.022465603337843646,
        "task_last_final_acc": 0.8929333333333332,
        "task_last_final_acc_std": 0.006035174672976209,
        "task_mid_final_acc": 0.7523333333333334,
        "task_mid_final_acc_std": 0.02280555487887398
      }
    }
  },