{
  "pre": {
    "config": {
      "mode": "pre",
      "epochs": 30,
      "batch_size": 128,
      "learning_rate": 0.001,
      "weight_decay": 1e-05,
      "confidence_loss_weight": 0.2,
      "early_stopping_patience": 5,
      "lr_scheduler_patience": 3,
      "lr_scheduler_factor": 0.5,
      "seed": 42
    },
    "best_epoch": 23,
    "best_val_accuracy": 0.9898333333333333,
    "best_per_class_f1": {
      "known": 0.9871577366965294,
      "unknown": 0.9979317426680577,
      "uncertain": 0.9847690336970872
    },
    "best_calibration_error": 0.005578018347422331,
    "final_train_loss": 0.05601984471579393,
    "final_val_loss": 0.042394740184148155,
    "epochs_trained": 29,
    "wall_seconds": 6.580246041994542
  },
  "post": {
    "config": {
      "mode": "post",
      "epochs": 30,
      "batch_size": 128,
      "learning_rate": 0.001,
      "weight_decay": 1e-05,
      "confidence_loss_weight": 0.2,
      "early_stopping_patience": 5,
      "lr_scheduler_patience": 3,
      "lr_scheduler_factor": 0.5,
      "seed": 42
    },
    "best_epoch": 28,
    "best_val_accuracy": 0.996125,
    "best_per_class_f1": {
      "known": 0.9965736611723125,
      "unknown": 0.9957146408230622,
      "uncertain": 0.9962396540574272,
      "hallucinated": 0.9959575493153325
    },
    "best_calibration_error": 0.004661051243543657,
    "final_train_loss": 0.02524287358764559,
    "final_val_loss": 0.015144911628216505,
    "epochs_trained": 30,
    "wall_seconds": 10.447155999951065
  },
  "_meta": {
    "loss_function_version": "phase_2d.1_bce_on_correctness",
    "notes": "Confidence head trained on P(correct) via BCE; TrainingExample.confidence (synthetic) is ignored during training."
  }
}